,stars,text,stopwords,punctuation,numerics,upper,word_count,char_count,avg_word,polarity,subjectivity
0,5, work well rosacea skin rosacea ocular rosaceamainly flush hot kind really give relief tool face eye even bought small one keep purse obviously cure work well cool face work faster anything else try far scent,28,10,0,3,36,208,4.9,0.17857142857142858,0.6428571428571429
1,5, refresh absolutely love refresh leaf skin feel fresh ready lotion work great hot summer day refresh blast continue bustle bottle big last awhile,13,5,0,1,24,145,5.3,0.2928571428571428,0.480952380952381
2,5, perfect sensitive skin love recommend beautician long time ago try different band one best,9,4,0,0,15,91,5.5,0.425,0.6333333333333333
3,1, defective spray tip productive spray try remove tip cleaning isn problem longer pressure spray lot water left very expensive price waterupdate previous reviewthis update review try express water without tip plenty pressure order another water directly avenue take new tip new place old work therefore evidently problem tip numerous can sell amazon,47,16,0,5,53,348,5.7,-0.010437710437710444,0.37063973063973066
4,5, nice soothe cool,1,1,0,0,4,17,4.7,0.475,0.825
5,5, comfortable extra fine mist good sensitive skin,2,1,0,0,8,48,5.9,0.32333333333333336,0.58
6,5, best face give use spray avenue year since discover france excite find amazon,15,0,0,1,14,78,5.0,1.0,0.3
7,2, prayer clot would give star last time bought prayer get flog half full bought late one march almost full can cause wont spray,20,3,1,2,24,126,4.5,0.04666666666666666,0.38666666666666666
8,5, best buy sensitivity skin come perfect well oily skin want put anything else,16,1,0,0,14,77,4.9,1.0,0.65
9,4, somehow water work well avenue great spray bottle distribute water well reason la rise rich work well difficult skin still like water help moisture normally oily extra dry dinnertime skin go back la rise next time,20,4,0,2,37,214,4.9,0.09479166666666668,0.48125
10,1, bad ever bad like water waste money item refundable like whole thing,9,4,0,1,13,69,4.7,-0.3499999999999999,0.43333333333333335
11,5, overprice essentially good,1,2,0,0,4,27,8.0,0.7,0.6000000000000001
12,5, instant relief instantly reduces redness contact nd bottle get first plastic surgeon office thrill pm clean skin moisturizer whenever need throughout day impressive feel dermabrasion instantly soothe,18,9,0,3,28,200,6.4,0.26944444444444443,0.6722222222222222
13,5, great eczema acne rosacea sensitive skin reacts many different thing acne prone eczema rosacea careful skin watch eat otherwise skin outbreak easily reacts numerous skin care break eat lot sugary food free gentle sundry detergentavene doesn give skin fancy benefit moisturize anti rag calm stabilizes skin condition since start use avenue rosacea much well face look less reddish way less bump occasional breakup saturate cotton pad avenue keep face skin feel well next day avenue water skeptically begin highly recommend people sensitive skin,68,19,0,10,84,544,5.6,0.12555555555555561,0.5462037037037036
14,5, best laser procedure refresh irritate,4,0,0,0,6,38,6.6,1.0,0.3
15,5, must love,1,4,0,2,3,10,4.0,0.5,0.6
16,5, heaven necessary especially heat summer daily multiple time,7,3,0,1,9,60,6.5,0.0,0.5
17,5, great truly love bottle water wish didn love kind expensive love keep buying absolutely great first introduce hour flight asia flight attendant business class notice use washcloth come give quick spray bottle remarkably felt great make flight well bought bottle felt foolish spending money french water absolutely regret buying since stock frequently would like admit fact garter favor buy small bottle give flight attendant personal fly long haul overseas believe pay forward one small way helpnot matter much male there really body regularly louse old rusty razor blade genetic store toothbrush cheap bar soap shampoo except absolutely pay regret one penny think speak highly enough baffle mind crazy consider spray water truly make feel betterhighly recommend get bottle enjoy look back,76,41,1,23,122,790,5.5,0.22526881720430114,0.506782464846981
18,1, happy large size prayer broke us use time prayer stop work bought travel size large size travel size work far,11,2,2,1,21,110,4.5,0.33214285714285713,0.7142857142857143
19,5, fine mist shutter drop nice light mist hydrate face label might pronounce smell put generous container quality reasonable price spray function perfectly,18,7,0,0,23,153,6.0,0.5233333333333332,0.76
20,1, last half bottle wouldn spray want able get last half content bottle spray either propellant faulty noble get flog inside couldn see clot outside believe propellant gradually lose pressure unhappy want able last half bottle,32,11,0,3,36,224,5.4,0.04545454545454546,0.34545454545454546
21,5, refresh add skin care mountain give see improvement redness dry,8,1,0,0,11,64,5.4,-0.06666666666666665,0.6
22,5, must midday refresh smell love whatever spray mess grippe,4,0,0,1,10,58,5.4,0.1625,0.38749999999999996
23,5, love originally recommend dermatologist truly help heal incision dry patch,7,2,0,0,11,75,6.5,0.26944444444444443,0.65
24,5, excellent eczema would give star could best sensitive skin literally calm itchy irritationseczema flare up immediately friend reaction face nothing help include ice benadryl introduce spray keep bottle desk time,26,7,1,3,31,212,6.1,0.6000000000000001,0.7375
25,5, wonderful refresh cool moisturize great,0,4,0,2,6,40,7.0,0.7166666666666668,0.7999999999999999
26,5, love sensitive skin love use year sensitive skin come extreme heat really dry climate sun apply face really help calm skin feel refresh apply,20,6,0,2,25,142,4.9,0.1885416666666667,0.69375
27,1, know know give terrible acne know may come face review one earth water give acne that thought face full inflame blockhead little pustule everywhere even cyst would appear like magic night loss desperate change diet change pillow case cut supplement skin care one one one last eliminatedbecause well water soon stop break face finally heal maybe contaminate,46,27,0,10,58,357,5.3,-0.13392857142857142,0.7309523809523809
28,5, miracle mist absolutely love spray keep refrigerator keep cool refresh facial mist set make,12,4,0,3,15,92,5.6,0.2833333333333333,0.4166666666666667
29,1, would great noble work able noble longer work great first can not return beauty related item disappointed would helpful sensitive irritated skin,25,3,0,2,23,145,5.6,0.3222222222222222,0.700925925925926
30,1, spray head work returnable annoy spray head work item returnable,15,0,0,0,11,65,5.5,0.0,0.0
31,5, know know listen everything need say already say let say subscription always least two bottle house case skin barren wasteland dry crack painful could scrubbed pan forehead like bill padbut stuff stuffy face soft chorus butt moisturizer take much well always soft smooth face people actually compliment skinny listen super moisturize routine hydration topped raw vitamin e oil give use face mist spray none even get close okay accept substitution,51,28,0,7,71,447,5.4,0.030536130536130537,0.4571095571095572
32,5, good quality deserve amount money feel fresh,5,2,0,0,8,45,5.4,0.5,0.55
33,5, worth buy bottle package well clear bravery easy press great light mist quick fresh up buy,9,5,0,0,17,91,4.7,0.38095238095238093,0.5380952380952381
34,5, like buy buy buy buy one,3,4,0,2,7,25,3.2,0.0,0.0
35,5, there nothing pure skin printing water thermal spring france must,7,2,0,0,11,66,5.6,0.21428571428571427,0.5
36,5, excellent use year still best,3,2,0,0,6,30,5.0,1.0,0.65
37,5, love love apply eau thermal avenue use body summer time face throughout year,10,3,0,3,14,77,4.9,0.5,0.6
38,5, fine mist love,0,2,0,0,4,15,4.0,0.45833333333333337,0.55
39,5, good good,0,0,0,0,3,10,4.0,0.7,0.6000000000000001
40,5, oooolala make water france know mean five star,5,2,0,1,9,47,4.9,-0.3125,0.6875
41,5, miracle spray sample spray medicine cabinet month try didn even know finally try rash dermatologist treat give cream burn like crazy sprayed rash instant relief haven use prescription cream since great leg shave keep moist stop pitch great face morning night need wake auto delivery amazon know live without,52,19,0,11,50,308,5.3,0.18939393939393936,0.7611111111111111
42,5, scent absolutely refresh spray mental rest love day get distressful take spray mind case,4,6,0,2,15,89,5.4,0.19999999999999998,0.5666666666666668
43,5, best water ever dry skin one best explanation need good basic care wet brush put make up basically anything,9,6,0,0,20,108,4.7,0.4222222222222222,0.3875
44,5, refresh healthy alternative skin type found brand europe recommend doctor refresh soothe healthy alternative skin type especially sensitive skin first step wash face morning night routine,20,4,0,2,27,188,6.2,0.3625,0.5833333333333334
45,5, love arrive crack lid arrive crack lid,5,1,0,0,8,39,4.6,0.5,0.6
46,5, delivery medium could load know item receive like,6,1,0,2,9,50,5.2,0.0,0.0
47,5, recommend dermatologist fabulous perfect sunburnt face peal recommend dermatologist,11,3,0,1,10,84,8.3,0.7,1.0
48,1, receive go cut dirty item allow return receive full debt cut item outside dirty seem like use itemtried return replace new one allow return due shipping policybad experience recommend,20,7,0,0,30,184,5.3,-0.13977272727272727,0.5049242424242425
49,5, pregnancy lifesaver use hotirritated skin itchy stretch mark pregnancy can stress soothe cool bought labour use much pregnancy need another bottle,16,4,0,3,22,147,6.0,0.275,0.42500000000000004
50,5, excellent quality love especially summer quick light spray gorgeous x,5,0,0,0,11,70,6.0,0.48888888888888893,0.7833333333333333
51,5, great cooking down sincere spray produce much finer spray band bottle great skincarecooling summer quite large spread water make sense spirit large area quickly last long time probably efficient spread water particle thinly,26,9,0,0,34,224,5.8,0.21230158730158735,0.4662698412698413
52,5, cleanse refresh use face refresh,2,3,0,0,6,33,5.6,0.0,0.0
53,5, feel fresh tool skin feel fresh spray feel well least month buy,9,3,0,0,13,64,4.3,0.09999999999999999,0.4666666666666666
54,5, refresh love,0,1,0,0,3,13,5.5,0.5,0.6
55,5, avenue thermal spring water described arrive time suitable sensitive skin good leaf skin feel hydrate soft would recommend,7,6,0,1,19,123,5.8,0.36250000000000004,0.65
56,5, the lot love special make,4,0,0,1,6,26,4.2,0.4285714285714286,0.5857142857142856
57,1, disappointed seem like second hand th,1,0,0,0,7,38,5.3,-0.375,0.375
58,5, awesome fir sensitive skin work make skin less red irritated daily,4,2,0,0,12,67,5.1,0.1866666666666667,0.3933333333333333
59,5, comfortable expensive easy effect pretty good scent okay sensitive skin since gentle,11,4,0,0,13,85,6.1,0.2604166666666667,0.7666666666666667
60,1, cause bad breakup allergic reaction use time first receive terrible breakup day laterally ordinary want certain cause spray stop use caution give another try help soothe sunburnt one list us within minute wheel cough sneer skin burning wash face felt well almost immediately give use avenue love super disappointed little look affected maybe get bad batch,50,11,0,6,57,356,5.4,-0.2289880952380952,0.6254761904761905
61,5, love love line,1,0,0,0,4,15,4.0,0.5,0.6
62,5, happily give company thousand dollar life soon nice soon satisfy perfect everyone show like oooooo call love buy forever,15,6,0,3,20,121,5.4,0.725,0.9
63,5, love love love heaven bottle,3,0,0,0,6,29,4.8,0.5,0.6
64,5, take chance cool fifty,1,1,0,0,5,23,4.7,0.35,0.65
65,5, softer smoother skin like facial spray step skin care use city lentelli tone spray price point quantity far exceeds feel like city help red sensitive skin exceed expectation simple mineral water would recommend press trigger spray minimal notice press firmly like feel waaaay much water half press perfect amount cover entire face neck there scent doesn burn eye help serum moisturizer penetrate significantly well skin felt exponentially softer smoother definitely purchase,48,21,0,7,72,475,5.7,0.10064102564102564,0.5095238095238095
66,5, nice always nice sensitive skin hot summer harsh cold winter well,5,1,0,0,12,66,5.0,0.12500000000000003,0.9083333333333333
67,5, refresh refresh face relieve itchiness cause psoriasis lessen amaze single day go wear time feel itchy face spray relief feel relief instantly,26,9,0,2,23,143,5.5,-0.03571428571428571,0.44047619047619047
68,5, amaze use couple time amaze use accompany skin care regiment woke morning skin hydrate supple,19,4,0,4,16,94,5.3,0.0,0.0
69,3, doesn work well get prime day reason give star old one get struck doesn spray anymore still half bottle,13,8,1,1,20,104,4.5,-0.033333333333333326,0.18333333333333335
70,5, excellent excellent,0,1,0,0,3,20,9.0,1.0,1.0
71,5, yes water water pure water result think slightly different physical property tap water example live area hard water hair never get soft matter style put spray avenue water hair say soft wave hair come hair soft even color look little well probably way lay article hair dry day spray hair revitalizes without get friday course really hot light spray face neck shoulder tool instantly,60,34,0,6,65,383,5.0,0.058062770562770566,0.5116300366300367
72,1, terrible few smell use avenue eau thermal year last bottle terrible smell stick few,6,2,0,1,15,84,5.0,-0.4800000000000001,0.4533333333333334
73,1, buy broken spray head can even return garage head broken leak,3,1,0,6,12,62,4.6,-0.4,0.4
74,5, moisturize comfortable comfortable item use face clearing,6,1,0,0,8,58,7.3,0.4,0.8
75,5, great pick come face care like scent one perfect hydrate face leaf smooth fresh,14,5,0,2,15,80,4.7,0.625,0.6875
76,1, spray noble stop work never buying see video medium could load th time bought do spray noble get flog see attach video still good amount water left horrible do didn think moisturize face well water dry face quickly time left bedroom sprayed face dry search another,36,15,0,5,47,265,4.8,0.1222222222222222,0.5666666666666667
77,5, want hate love get oz version seem bang buck really want hate swore would one people spray face water convert say skin feel softer feel really soothe refresh spray night start lay serum get oz version seem bang bucket mean essential routine really enjoy use feel,48,14,2,11,47,263,4.7,-0.07656250000000002,0.5359375
78,5, excellent wont anything else initially come across avenue try piece avenue sample kit system hyper sensitive skin make difference red inflame tight often painful skin wont anything else even famous critique yellow moisturizer swore previously system work sensitive skin rosacea every day day saw good improvement skin week skin much well spray make face feel dry tight inflame day problem ruin make cause smear really miserable wake face burning inflame every morning like sensitive skin truly pain try avenue hope help,64,27,3,9,82,520,5.4,0.025595238095238095,0.5461309523809524
79,5, amazingness purchase item horrible experience wake use retinue serum long story short wax take hair skin rook mistake leave significant size blotch face devastate lot research lead find amazingness scar regime compose big oil neoporin cetaphil cleanse aquaphor five day later heal minimal visibility skin discoloration amaze continue purchase matter fact find look excuse include morning night set make couldn believe spring water leaf skin feel incredibly soft consider highly recommend worth price difference compare similar opinion inferior alternative,66,22,0,8,80,556,6.0,-0.02208333333333334,0.39291666666666664
80,5, love scent feel great cool aggravate skin perfect quick spirit put lotion quick refresh throughout day make always get dry throughout day great pull quick sure moisture blast love,23,5,0,1,30,180,5.2,0.4893939393939393,0.6671717171717172
81,5, simple effective hydration thing could wash face get personal dermatitis wonderful love cool feel mist morning night simply wipe away cotton ballad travel size avenue kept cooper visit western u desert summertime amaze cool keep skin hydratedonly kind simple effective,31,11,0,6,41,269,5.7,0.3333333333333333,0.5642857142857143
82,2, work thing daughter high hope would help eczema nothing,13,4,0,0,10,56,5.2,0.16,0.5399999999999999
83,2, miracle water thought sensitive skin,3,1,0,1,6,37,6.4,0.1,0.9
84,5, nice everyday,1,3,0,1,3,14,6.0,0.19999999999999998,0.8
85,5, sensitive skin thermal water refresh hydrate,1,0,0,0,7,45,6.5,0.1,0.9
86,4, change opinion one people thought pay much water get super dry red itchy skin around nose chin use tolerable cream recommend together now change skin within day refresh moisturize make sometimes ruin come fine mist great,35,9,0,3,37,221,5.1,0.28055555555555556,0.4527777777777778
87,5, good quality good quality,0,0,0,0,5,26,5.5,0.7,0.6000000000000001
88,5, great scent inflame sensitive skin facial eczema struggle sensitive skin ardor facial eczema definitely help calm skin sometimes two layer spray feel inflame,11,4,0,2,24,158,5.9,0.18571428571428572,0.5428571428571428
89,5, save face okay know your think bottle water get person dermatologist recommend rosacea severely dry skin give shot poor nose cheek nose chin dry flay inflame felt like crusty mask top facethis save face actually soft skin face nowhere nightly routine mist face apply avenue rise cleanse milk soft cotton pad mist face wait second let awesome water soak bit clean hand take small day aquaphor rub palm pat face lightly palm finger apply aquaphor top water take small amount aquaphor absorb quickly doesn feel greasy minute hate lengthy bedtime beauty routine fast easy work,69,34,2,5,96,573,5.0,0.14444444444444443,0.5574074074074075
90,4, love really love expensive,4,1,0,1,5,27,5.7,0.16666666666666666,0.6333333333333333
91,5, perfect mist sensitive skin sincere staple day night wash face refresh addict give try facial mist spray like even la rise always end come back avenegreat people personal dermatitis keep flare up control help sting,18,7,0,3,36,215,5.1,0.26666666666666666,0.44999999999999996
92,5, best thermal water water great calm rosacea kind irritated skin extremely sensitive skin tolerate many year use daily she butter squeeze moisturizer expensive try replace water never work way one really something different worth money keep skin calm happy,36,10,0,2,40,256,5.6,0.3384615384615385,0.573076923076923
93,5, must think purchase thermal water try one best remove irritation redness,13,3,1,4,12,73,5.6,1.0,0.3
94,5, clear dermatitis struggle dermatitis outbreak chest prescription cortizone cream want help would clear back next day start spray french water skin clear,20,4,0,3,23,153,6.0,0.05000000000000001,0.19166666666666665
95,3, okay bad sensitive skin feel like anything feel good spray grm see benefit,13,1,0,2,14,75,4.8,0.15000000000000002,0.6666666666666666
96,5, good sensitive skin can remember many avenue spray use really nice skin skin sensitive mixed love every face wash sometimes use without others especially go bed,15,6,0,3,27,161,5.2,0.3125,0.71875
97,5, purchase work sensitive skin purchase,5,1,0,0,6,38,6.6,0.1,0.9
98,2, prayer stop work two week use prayer stop work leave almost full bottle can wont buy,7,3,0,1,17,85,4.3,0.35,0.55
99,5, amaze love mist,1,1,0,0,4,16,4.3,0.5,0.6
100,5, perfection fine mist wonderful feel like almost like forever soft wind drape across face since fine mist doesn carelessly fly meaning doesn end hair around face ill buying mist,21,12,0,0,30,177,5.1,0.37222222222222223,0.7083333333333334
101,3, delicate spray spray delicate,3,0,0,0,5,30,6.5,-0.3,0.9
102,5, recommend comfortable,2,2,0,0,3,22,10.0,0.4,0.8
103,5, love absolutely love every morning night sometimes keep face moisturize cool mist refresh staple face care routine,13,5,0,2,18,115,5.8,0.45,0.6166666666666667
104,4, perfect dry skin love lot really helpful super dry skin,5,2,0,1,11,56,4.6,0.31666666666666665,0.6111111111111112
105,1, broken spray function stop work half content left can return get credit go trashcan waste money,10,4,0,2,17,96,5.0,-0.19166666666666665,0.14166666666666666
106,2, doesn anything get have give use month absolutely nothing change,9,2,0,1,11,65,5.5,0.2,0.9
107,5, must water life everywhere house bag use everything body,11,4,0,2,10,57,5.3,0.0,0.0
108,3, special ok expensive special work child dry itchy skin ok make set would give star,15,5,2,1,16,83,4.5,0.19126984126984128,0.5738095238095238
109,5, perfect love service great definitely buy,5,1,0,1,7,42,6.0,0.575,0.7125
110,5, love really sensitive skin try many already friend recommend spray decide give try unlike skin try burning face like one cut give burn irritation make skin feel smooth soft tell skin red anymore,32,7,0,6,34,195,4.9,0.26666666666666666,0.47500000000000003
111,3, refresh non irritate keep fridge miracle problem,2,5,0,0,8,49,6.0,0.0,0.0
112,5, must sink good refresh damper skin without sickness smell,12,3,0,2,10,58,5.4,0.7,0.6000000000000001
113,5, must buy always keep one home,1,1,0,0,7,30,4.0,0.0,0.0
114,2, spray stop work like bought daughter feel rip left spray stop work really get money worth late return,16,7,0,1,19,102,4.7,0.05,0.225
115,5, water reduce itchiness funny magic new favorite long history issue itchiness face try keep skin hydrate without get pimple overhydrating dream facial oil give use way straight mist face moisture mix powder face mass favorite base mix drop facial oil put drop two oil separate spray bottle cap shake vigorously spray face truly notice big difference itchiness use well worth price definitely buying,59,15,0,4,64,398,5.3,0.11818181818181817,0.5349650349650349
116,5, good excellent,1,1,0,0,3,15,6.5,0.85,0.8
117,5, super fine hydrate mist water spray much fine water mist particle french skin leave refresh feel whether sensitive skin mild irritation sun long must,20,7,0,0,25,150,5.2,0.22142857142857145,0.4952380952380952
118,1, water those anyone want really like didn sprayed violently face felt like water those hit amazon nice enough send return payment maybe get bank bottle sure try different brand,17,9,0,4,30,176,5.1,0.08333333333333331,0.6981481481481482
119,5, pool side fancy live high desert even pool day heat unbearable mister want take plunge pool lovely purpose however notice much moisturize happen use would love benefit consider pamper feel use ala still turn arson oil keep skin feel dry crack know could buy spray bottle throw bottle water effect wouldn able say would hand french spring water strait sex pretension,58,21,0,9,62,366,5.0,0.2412121212121212,0.476875
120,5, amaze light best buying,3,3,0,0,5,24,5.0,0.7,0.5
121,5, yes honey girl let tell stuff give suffer ace cystic acne year finally found routine work wash face make wipe water spray face amaze stuff think different bunch ingredient really irritated face stuff natural feel great face refresh leaf feel like million buck love thing ill ever,37,9,0,4,48,280,5.0,0.15714285714285717,0.6500000000000001
122,5, love excellent,1,0,0,0,3,15,6.5,0.75,0.8
123,2, deceptive advertising wrap say ll oz spray bottle ll oz deceptive advertising please correct description say ll oz,6,7,0,3,19,115,5.4,0.0,0.0
124,5, good good,0,0,0,0,3,10,4.0,0.7,0.6000000000000001
125,5, love stuff know love stuff much water spray contest refresh mist obsess can keep away year old daughter love,13,7,1,4,20,109,4.7,0.36,0.43999999999999995
126,5, perfect item described,1,1,0,0,4,23,6.7,1.0,1.0
127,5, good love,0,0,0,1,3,10,4.0,0.6,0.6000000000000001
128,5, recommend friend sensitive skin really recommend spring water friend sensitive skin skin could accept skin care suitable continue order every month,22,6,0,3,22,148,6.0,0.23750000000000002,0.6875
129,5, ill never go back another spray ingredient say perfect dry acne sensitive skin huge facial spray fan fan fragrance toxic ingredient found holy grain,13,12,0,7,25,149,5.2,0.13333333333333333,0.6285714285714287
130,5, amaze divine really thought would water much absolutely magical skin ridiculously reactive prone personal dermatitis start simply routine really quality productsdeaigned type skin thankful fantastic addition routine,25,8,0,3,28,216,7.0,0.1380952380952381,0.5653061224489796
131,5, best spring water best mineral water skin,3,1,0,0,8,42,5.0,1.0,0.3
132,5, result make skin smoother watery,4,0,0,0,6,33,5.6,0.0,0.0
133,5, good,0,0,0,0,2,5,4.0,0.7,0.6000000000000001
134,5, cool cool,0,0,0,0,3,10,4.0,0.35,0.65
135,5, instantly refresh face skin amaze give use week search eye cream sensitive eye lid found brand great eye tolerate eye dream saw water read review convince try spray face morning shower wash face night skin instantly restore refresh try love enough sit type enjoy,43,11,0,5,45,263,5.0,0.2571428571428571,0.6547619047619048
136,5, excellent excellent,0,4,0,0,3,20,9.0,1.0,1.0
137,3, fragrant fragrant sensitive couldn,1,3,0,0,5,35,7.7,0.1,0.9
138,5, refresh outstanding,0,0,0,0,3,20,9.0,0.5,0.875
139,5, must sincere routine love much sensitive skin,7,1,0,0,8,46,5.6,0.3666666666666667,0.6666666666666666
140,5, great love ho spray,1,4,0,1,5,20,4.0,0.65,0.675
141,5, amaze sensitive skin sensitive skin job irritate love,10,1,0,1,9,54,5.7,0.2333333333333333,0.7999999999999999
142,3, pretty excite honestly impressed hairspray bottle full mineral water glad others love see great result overprice water mister,19,9,0,1,19,126,6.0,0.5666666666666668,0.8166666666666665
143,4, best price amaze,0,0,0,0,4,17,4.7,1.0,0.3
144,2, recommend disappointed thing claim feel like waste money,6,1,0,2,9,57,6.1,-0.475,0.375
145,2, bad reaction acne found spray alright band acne prone skin warn pretty much band cause skin break lot stuck regiment month kept tell bad bacteria come clean clear skin keep stop regiment little month skin start break huge painful pimple kept use though hop see turn around soon finally decide stop month use due pain two week later skin almost clear except couple stubborn it weirdanyways experience hopefully help people acne prone skin make risk whether buy know everyone skin type different,65,20,3,6,83,494,5.0,-0.07113095238095234,0.5910714285714286
146,5, love must love spray sensitive skin feel refresh couple time day live without think moisturize,9,5,0,1,16,95,5.3,0.3090909090909091,0.65
147,5, awesome org amaze feel awesome press come smoothly need press time come family love,18,9,1,3,15,84,5.0,0.725,0.775
148,5, avenue good bc avenue,3,2,0,1,5,22,4.5,0.7,0.6000000000000001
149,5, amaze work nice daughter,2,1,0,0,5,25,5.2,0.6,1.0
150,5, love always go beauty routine pm,6,3,0,2,7,33,4.5,0.5,0.6
151,5, love love stuff great cool effect,1,1,0,0,7,34,4.7,0.5375,0.65
152,5, nice nice,0,0,0,0,3,10,4.0,0.6,1.0
153,5, excellent purchase order love definitely buy leaf skin moist soft dry,8,5,0,1,12,70,5.4,0.3066666666666667,0.6100000000000001
154,5, love nice non irritate soothe fine line dry skin,3,2,0,0,10,49,4.4,0.36250000000000004,0.675
155,5, use year travel size work wonder long plane ride love,3,14,0,0,11,54,4.4,0.225,0.5
156,5, refresh adjective thought seem like useless little adjective feel incredibly refresh spray make facial skin dry hot stress probably always keep one hand take town well great plane ride,30,8,0,4,30,185,5.4,0.17083333333333334,0.5428571428571429
157,5, great moisture set make,1,0,0,0,5,24,5.0,0.8,0.75
158,1, damage damage soon disappointed wait week,2,1,0,1,7,42,6.0,-0.75,0.75
159,5, good good skin,1,0,0,0,4,15,4.0,0.7,0.6000000000000001
160,5, magic found star review true experience first thing morning spring long curly hair scalp face gently scratch hair lightly massage face imagine nicely mile water natural facial oil face incredibly soft second day curly hair regain lymph ultimate goal wipe lip brow color apply sunscreen consider ready go world work goal review say might imagination way skin hair feel apply feel great refresh ready go,57,20,1,5,66,402,5.2,0.24333333333333335,0.5588888888888889
161,5, great tone calm rosacea give use year tone mineral water calm effect keep rosacea bay perfect moisturize spirit apply dream gentle scent great take airplane,24,5,0,0,26,157,5.3,0.5666666666666668,0.7999999999999999
162,5, cool mist love water heaven sake moisturizer acne treatment whatever water thermal spring water france happen love can not imagine expect miracle wash face add extra layer moisture let semi dry apply favorite moisturizer great addition beauty routine really love cool mist face shower use several year zero problem skin look good enough people comment even woman facial complementary may genetic mother good skin certainly never miss expensive beauty elizabeth garden stuff like good love cool spray spring water cleanse,65,23,0,8,81,521,5.5,0.3040100250626567,0.5458646616541353
163,5, wonderful magic water water love it layer skin care routine sweat want light refresh face sting use active sincere tool face quickly calm redness hyaluronic acid good apply slightly damp skin ill spray face apply moisturizer serum face dry your dry environment ha actually pull moisture skin instead help minimize ha benefit skin super dry general face dry fully skin care step ill give another spray apply next layer spread easy less productthis bottle seem price what basically pressurize water honestly become crucial part routine keep buying skin seem clearer since start use last much longer expect least day day sometimes several time give month still least full,78,21,0,7,109,669,5.2,0.12183908045977015,0.5517241379310345
164,5, fresh spring water without irritation scent really like use clean fresh spring water without irritation leaf nice moisturize feel enjoy,12,6,0,1,21,136,5.8,0.3611111111111111,0.5666666666666667
165,5, good real one good,0,1,0,0,5,19,3.7,0.5333333333333333,0.5000000000000001
166,5, amaze good sensitive skin,2,0,0,0,5,26,5.5,0.39999999999999997,0.75
167,5, oddly amaze know stuff make skin look amaze spray wash face pm let dry naturally proceed normal sincere routine discover search psoriasis sensitive skin psoriasis clear use saline medical grade skin barrier oil cleanse seem clear psoriasis scalp really couldn large bottle expect last long time spirit pm,47,10,0,9,49,305,5.4,0.09084249084249083,0.3970695970695971
168,5, nice keep hydrate face,1,1,0,0,5,23,4.7,0.6,1.0
169,5, love help eczema love,1,3,0,0,5,22,4.5,0.5,0.6
170,5, good pleasant surprise make winter skin less dry,2,0,0,0,9,49,5.1,0.29999999999999993,0.5583333333333333
171,5, love productthats say feel great skin love,7,3,0,2,8,43,5.1,0.6,0.65
172,5, amaze eczema try everything help son eczema nothing help except avenue use extremely xeracalm recovery thermal spring four within day redness go away skin actually start heal,14,6,1,1,28,175,5.5,-0.0625,0.55
173,5, scent free moisturize note,0,2,0,0,5,27,5.7,0.4,0.8
174,5, every day great,1,0,0,1,4,16,4.3,0.8,0.75
175,3, me know people have literally water aerosol okay nothing amaze dry sensitive skin bow,9,8,0,2,15,86,5.1,0.17777777777777778,0.6666666666666666
176,5, purchase fragrance free love good thermal water perfect,5,2,0,0,9,56,6.0,0.65,0.75
177,5, magic love know would without honestly horrible sunburnt found item help relieve pain feel nice cool easy,15,5,0,0,18,106,5.2,0.23055555555555554,0.8472222222222222
178,5, work great psoriasis lichen plan sensitive skin work great psoriasis lichen plan sensitive skin,4,0,0,0,15,96,5.9,0.45000000000000007,0.825
179,5, great great,0,0,0,0,3,12,5.0,0.8,0.75
180,3, great stop spray half bottle left unable,6,4,0,0,8,41,4.9,0.033333333333333354,0.35416666666666663
181,5, great good heat irritated irritated skin,4,1,0,0,7,41,5.8,0.75,0.675
182,1, moisturize really like get today org cover broke open box hope work well,8,4,0,4,14,73,4.6,0.1,0.35
183,2, spray head broke spray head broke bottle mineral water hand,10,9,0,0,11,60,5.0,0.0,0.0
184,5, huge bottle great sensitive skin bottle huge last long time daughter sensitive skin break easy make skin look lawless,12,3,0,0,20,118,5.2,0.2729166666666667,0.7062499999999999
185,3, hard say work seem cool skin due evaporation anything questionable,9,1,0,0,11,67,5.7,-0.14166666666666666,0.6416666666666666
186,5, amaze miracle spray suffer dermatitis eczema spray reduce inflammation several time day feel amaze,12,4,0,2,15,99,6.1,0.0,0.0
187,5, great feel lookout face cleaning love feel sensitive skin enjoy use morning lookout every night cleaning face sometimes spray apply make well leaf feel refresh,17,4,0,4,26,160,5.4,0.45000000000000007,0.6875
188,5, refresh small sample bottle subscription excite find large bottle amazon refresh sensitive skin spray come light cool mist outside hot day conductor microcurrent device,25,5,0,4,25,169,6.0,0.1520408163265306,0.5683673469387756
189,5, awesome love everything scent refresh,5,2,0,1,6,38,6.6,0.75,0.8
190,4, far good bought sensitive skin feel moisture right use turn dry soon,7,2,0,1,13,69,4.7,0.22380952380952376,0.7271428571428571
191,3, wonderful prayer stop work use long time love give low rating unfortunately spray noble particular unit stop work recently pas return date guess buy another source,21,5,0,4,27,164,5.3,0.21458333333333332,0.5979166666666667
192,4, good expensive feel nice face,2,0,0,0,6,30,5.0,0.26666666666666666,0.7666666666666666
193,5, amaze nice spray fresh wash face feel smooth cool,6,8,0,0,10,50,4.6,0.4125,0.6625
194,1, propellant face spray nothing special know hope contains propellant id rather spray face thanks,14,9,0,1,15,96,5.9,0.2785714285714286,0.3857142857142857
195,5, important first step apply skin discover water last summer visit sister quebec perfect morning wake so good skin,9,5,0,0,19,113,5.3,0.4699999999999999,0.6
196,5, authentic authentic seal pack,1,1,0,0,5,30,6.5,0.5,0.75
197,5, good easy,1,0,0,0,3,10,4.0,0.5666666666666667,0.7166666666666668
198,1, expensive waste disposal item wife love stuff purchase large small option large bottle mist fact nothing hence bottle special trash water dispose,13,7,0,7,23,146,5.6,0.047959183673469394,0.446938775510204
199,5, fantastic last face,4,0,0,0,4,20,5.7,0.2,0.48333333333333334
200,4, may cool misty water could put ny tap water aerosol would feel exactly thing order couldn decide new spirit tone one usually discontinue knew exactly get guess get little excite reading review first anyone say basically water surprised thief yes water simply water second remember water fool have review cool misty water feel invigorate cool misty water feel refresh cool misty water benefit feel cool misty give star company gall take benefit cool misty feel good add star feel quite nice know cool misty,55,31,1,9,85,506,5.0,0.23882575757575758,0.5247234247234248
201,5, good comfortable skin,2,2,0,0,4,22,6.3,0.55,0.7000000000000001
202,5, good love,1,0,0,0,3,10,4.0,0.6,0.6000000000000001
203,4, recommend sensitive skin user particular requirement spray love pure water fine spray like avenue best well evianfine spraybut bad scent spray although doesn feel like something go bad rather specific gas preservation do feel use china weird,27,14,0,2,38,242,5.5,0.0497619047619048,0.5591666666666667
204,5, must great,1,0,0,0,3,11,4.5,0.8,0.75
205,5, good nice one,0,0,0,0,4,14,3.7,0.6499999999999999,0.8
206,5, often germany bought like feel use arrive u bought highly recommend,10,5,0,6,12,68,5.2,0.16,0.5399999999999999
207,5, expect wife love,4,0,0,0,4,17,4.7,0.5,0.6
208,5, good price big bottle good bath brush teeth skin get dry lotion,8,2,0,0,13,64,4.3,0.3333333333333333,0.4750000000000001
209,5, keep hydrate love,2,0,0,0,4,18,5.0,0.5,0.6
210,5, love love bought many time,4,1,0,0,6,27,4.4,0.5,0.5666666666666667
211,5, skeptically first hooked skeptically let honest sound like snake oil fancy french spring water aerosol really love spray purchase home facial wax go terribly wrong pull patch skin face such online article recommend part solution keep skin moisturize recover sure magic really help heal day lessadditionally mist refresh heal hooked regiment day night refresh moisture,46,21,1,5,56,368,5.7,0.1625,0.5185185185185185
212,5, love avenue love avenue,0,0,0,0,5,24,5.0,0.5,0.6
213,5, show good,0,0,0,0,3,10,4.0,0.7,0.6000000000000001
214,5, absolutely love keep refresh hot summer day,4,1,0,0,8,44,5.3,0.375,0.7250000000000001
215,5, calm pitch spray refresh skin feel nourish keep bedside spray night spray foot,10,3,0,1,14,79,5.1,0.30000000000000004,0.75
216,5, need amaze skin never clear smooth gentle way hydrate,6,2,0,0,10,54,5.0,0.18333333333333335,0.5611111111111111
217,5, unbelievable initially thought review face consider sensitive packed skin become due bed prescribed dermatologist desperate addition dark patch cheek forehead bed pretty much burn skin miracle water that miracle still see dark patch slowly heal cleanse skin sometimes day area become irritated skin longer look dry crack moisturize forever keep hand long production,48,15,0,7,54,366,5.9,-0.09513888888888888,0.55625
218,5, literally miraculous result daughter horrify eczema hand arm nothing help include prescription dermatologist try whim see interest us thermal spray along avenue vera bar soap available amazon result miraculous thankful find,23,8,0,0,32,224,6.2,0.4,0.4
219,5, like buy,4,0,0,1,3,9,3.5,0.0,0.0
220,5, must give use almost yes already incredible become staple skin care routine,8,3,0,2,13,76,5.3,0.9,0.9
221,4, love amazingly refresh great addition daily skin routine wonderful long flight road trip dry neck skin,11,5,0,1,17,103,5.4,0.3976190476190477,0.6071428571428571
222,5, good good,0,0,0,0,3,10,4.0,0.7,0.6000000000000001
223,5, try your struggle sensitive skin save sensitive skin use every morning night one week skin transform already order second bottle put auto ship never want without magic water,17,6,0,2,29,174,5.2,0.175,0.7
224,4, regular water good skin refresh love,8,2,0,0,7,37,5.2,0.39999999999999997,0.4256410256410256
225,1, broken noble sadly didn try start return window close noble work week us quit soon always store drawer protective lid could one thing make sure check soon deliver get stuck defective one,29,8,1,1,33,187,4.8,0.15999999999999998,0.8177777777777777
226,5, excellent hand face,1,0,0,0,4,20,5.7,1.0,1.0
227,1, good amazon play game price amaze totally love disappointed price game amazon play purchase april rd notice price drop even week later seriously cool,14,9,1,2,25,150,5.2,-1.586032892321652e-17,0.4857142857142857
228,5, avenue thermal spring water love love love avenue mist fine refresh even set spray mineral powder foundation oilycombination sensitive skin avenue perfect daily regime,16,8,0,2,25,168,6.0,0.4309523809523809,0.5999999999999999
229,5, awesome facial procedure use chemical feel skipper relieve discomfort face neck good good light mist hydration,13,2,0,1,17,111,5.9,0.5599999999999999,0.5800000000000001
230,1, aerosol spray work return love bottle sent barely work arrival get bad within day full bottle nothing come non returnable item stuck full bottle sum possibly pressure aerosol would recommend purchasing store possible,28,10,0,6,34,217,5.6,0.0785714285714286,0.6380952380952382
231,5, love buy go facial spray essence moisturizer step make noticeable difference sensitive skin increase hydration increase redness,17,5,0,1,18,128,6.5,0.19999999999999998,0.5
232,5, awesome awesome,0,0,0,0,3,16,7.0,1.0,1.0
233,5, must time completely hooked year apply facial cream apply make long flight small format available first thing morning go bed love much essential item keep skin hydrate time,24,13,0,1,29,173,5.2,0.11875,0.35416666666666663
234,5, perfect summer must summer atlanta love,7,4,0,0,7,40,5.7,0.75,0.8
235,4, good spray test sensitive skin pretty good,4,2,0,0,8,43,5.1,0.43749999999999994,0.775
236,5, refresh enhance application apply c serum make easy apply,7,3,0,3,10,58,5.4,0.43333333333333335,0.8333333333333334
237,5, pick face spray face several time day mess make moisturize,9,2,0,0,11,59,4.9,-0.0875,0.0875
238,5, good like lot,2,0,0,1,4,14,3.7,0.7,0.6000000000000001
239,5, quality mon year old work well skin,6,0,1,0,8,36,4.1,0.1,0.2
240,5, refresh extremely sensitive skin great spray face moisture hydrate skin,11,2,0,1,11,72,6.2,0.45,0.825
241,5, good love recommend,2,2,0,1,4,20,5.7,0.6,0.6000000000000001
242,5, love line love nice cool feel wonderful,4,4,0,1,8,40,4.7,0.5900000000000001,0.77
243,3, bottle receive one bottle bought pack,3,1,1,2,7,38,5.3,0.0,0.0
244,1, pay two get one description say two pack receive one disappointed,3,1,0,1,12,66,5.0,-0.75,0.75
245,4, best set spray set look refresh,7,1,0,1,7,32,4.3,1.0,0.3
246,1, delivery advertised pack deliver,4,1,2,0,5,33,7.2,0.0,0.0
247,5, perfection life slave,3,3,0,4,4,22,6.3,0.0,0.0
248,5, great great,0,4,0,0,3,12,5.0,0.8,0.75
249,5, love moisturize great sensitive skin,2,2,0,0,6,37,6.4,0.46666666666666673,0.75
250,5, perfect spray apply hyaluronic acid serum day literally magic,9,1,0,1,10,62,5.9,0.75,1.0
251,1, smell bad like smell productalso description say get get description since updatedsince returnable item recourse,16,7,0,3,16,113,6.5,-0.6999999999999998,0.6666666666666666
252,5, good good,0,0,0,0,3,10,4.0,0.7,0.6000000000000001
253,5, refresh love avenue facial mist cool refresh scent make skin feel cool hydrate expensive last long time everything avenue make top skin care quality,8,10,0,1,25,149,5.2,0.14375,0.4458333333333333
254,5, excellent recommend purchase really like sensitive skin rosacea even gentle cleanse skin still become irritated every time cleanse face bed supper mummy feel give skinthere scent light cool mist great excellent quality reasonably price pretty big canwill continue purchase satisfied,24,16,0,5,41,283,6.1,0.4166666666666667,0.725
255,5, great result use properly clock intend appropriate expectation use moisturizer alone water water alone left dry skin simply elaborate take water skin transepidermal water loss thus potentially dry however mineral thermal water thought beneficial skin reduce inflammation protect sun damage moisturize etc keep mind handful flow study search proper way thermal water spray follow immediately occlusive moisturizer lock beneficial thermal water skin thus jumping skin increase hydration temporarily course personal experience found press skin avenue thermal water moisturize increase moisture level skin day day basis either nerve pm first aid beauty ultra repair face moisturizer follow sunscreen,75,24,0,6,98,696,6.2,0.19166666666666668,0.42833333333333334
256,3, mottle bad spray stop work half bottle full purchase good,5,2,0,0,11,58,4.8,0.045833333333333365,0.49583333333333335
257,1, order item order item away create order buying others terrible return,16,5,0,3,12,70,5.4,-1.0,1.0
258,1, get one bottle instead two description say two bottle receive one bottle,3,1,0,0,13,73,5.1,0.0,0.0
259,5, keep cooper perfect tone,0,0,0,0,5,25,5.2,1.0,1.0
260,5, work well hidratante skin use scalp work indicate,4,3,0,1,9,50,5.2,0.0,0.0
261,5, good help relax tire skin,3,1,0,0,6,26,4.2,0.7,0.6000000000000001
262,1, spray noble random stop work dermatologist recommend purchase half bottle left spray noble stop work supposedly typical shaken haven shaken travel unfortunate ill switch even id rather spend money,24,8,0,4,30,197,5.8,-0.07916666666666666,0.6208333333333333
263,5, love felt really extra buying absolutely love plan buy summer,10,1,0,3,11,62,5.2,0.3333333333333333,0.4333333333333333
264,5, best think irritable skin love product happy amazon care webster,5,1,0,0,11,65,5.5,0.7666666666666666,0.6333333333333333
265,4, soothe wonder sensitive skin introduce facial spray someone probably best skin give see doesn sensitive skin say love always leaf skin feel soft moisturize first try didn really stand anything magical like others suggest review feel light refresh use couple week notice there significantly less redness face good thing get sunburnt use take much longer redness diminish one thing note though thermal water might moisturize people might expect combination dry skin still want apply moisturizer take one star noble could improve second bottle get defective noble mist come two end none center result uneven mist sometimes water stream instead mist less soothe would come proper noble,88,22,0,5,107,682,5.4,0.23409090909090907,0.45075757575757575
266,1, broke hive cause toller break hive pitch cry wash immediately apply put osteoid cream give benadryl recommend eczema wish could get refund amazon wont let aerosol canister,27,7,0,4,28,172,5.4,0.0,0.0
267,5, love best fine mist facial spray market price worth,5,1,0,0,10,52,4.8,0.44333333333333336,0.3
268,5, calm irritated skin suffer eczema flare every love calm irritated skin find spray first follow gentle moisurizer skin seem stay happy longer without feel dry itchy,20,4,0,4,27,164,5.3,0.3261904761904762,0.6904761904761905
269,2, good avoid oz previously purchase oz love fantastic help calm skin however oz measure first cap loose doesn even properly stay arrive deny spray unevenly lead back pretty disappoint choice choose small size oz,22,14,4,1,35,210,5.2,0.1422008547008547,0.4432692307692308
270,5, great love way skin feel spray face hydrate soft,7,2,0,1,10,49,4.4,0.46666666666666673,0.5666666666666668
271,5, good hard water issue well water even whole house water soften tough skin hair want lock moisture skin care routine much well lock well water face,22,4,0,3,27,147,4.7,0.08388888888888887,0.515
272,1, bad protection broken cap deny cap broken piece deny somehowcannot work,11,3,0,0,12,72,5.5,-0.5,0.48888888888888893
273,5, try new thing best water spray mist,0,0,0,0,8,36,4.1,0.5681818181818181,0.37727272727272726
274,5, good service nice,0,0,0,0,4,18,5.0,0.6499999999999999,0.8
275,5, great love great love,0,4,0,0,5,22,4.5,0.65,0.675
276,5, awesomproduct great skin use set make year,6,2,0,0,8,43,5.1,0.8,0.75
277,1, squat mister dislike pucker buying aerosol waterdamn,11,5,0,2,8,53,6.6,0.0,0.0
278,5, must soothe one feel like anything try something else skin go crazy finish try go back rosewater skin creaked back good ingredient without fragrance,19,10,0,1,25,149,5.2,0.024999999999999994,0.375
279,5, face love like lot purchase large size everyday put small travel size weekend bag rosacea help calm skin use wash hard water could afford id wash face,15,12,0,4,28,151,4.6,0.045436507936507935,0.5533730158730158
280,5, nice good good,0,0,0,0,4,15,4.0,0.6666666666666666,0.7333333333333334
281,5, excellent excellent,0,0,0,2,3,20,9.0,1.0,1.0
282,5, awesome stuff add serious moisture skin great body back put moisturizer face morning set make many us unbelievable try love,21,6,0,3,21,124,5.2,0.3166666666666667,0.6452380952380953
283,4, like big bottle nice fine mist face look powdery apply make hold beer great spray immediately prior hydrate face still wet especially hyaluronic acid lock h would tap water thing probably may actually soothe jury plus france therefore far luxurious,24,15,0,0,41,249,5.2,0.20185185185185184,0.5388888888888889
284,5, like like,0,0,0,0,3,10,4.0,0.0,0.0
285,5, perfect love love stuff arrive super fast thank,1,5,0,0,9,48,5.0,0.5066666666666667,0.6933333333333334
286,5, love love really help clear skin downfall cap stay securely,10,1,0,0,11,60,5.0,0.34,0.4766666666666667
287,5, love,1,3,0,0,2,5,4.0,0.5,0.6
288,5, amaze best thermal spring water ever love,3,5,0,0,8,42,5.0,0.75,0.44999999999999996
289,5, delivery fast love thermal water refresh face look hydrate recommend,7,2,0,2,11,69,5.9,0.35,0.6
290,5, wonderful love water miss face mist face put moisturizer mist fine feel good spray purchase need great miss skin put make especially mineral base make give skin glow set make love,23,10,0,4,32,180,4.8,0.3895833333333334,0.75625
291,4, bad wife didn like much know reason,6,2,0,1,8,36,4.1,-0.24999999999999992,0.43333333333333335
292,5, effective face rednessjust spray anytimereally help,3,3,0,1,7,52,7.7,0.6,0.8
293,3, spray stop work really love bought twice can stop work half full,5,1,0,2,13,65,4.4,0.22777777777777777,0.4388888888888889
294,5, love must winter month skin get dry spray face constantly notice difference day forgetlove,13,4,0,1,15,91,5.5,0.14444444444444446,0.5111111111111111
295,3, me thought might help redness around nose didn,6,1,0,1,9,47,4.9,0.0,0.0
296,5, work face refresh skin precancerous cell face go facial treatment help heal process,12,2,0,1,14,84,5.5,0.0,0.0
297,4, good good,0,0,0,0,3,10,4.0,0.7,0.6000000000000001
298,5, good hydration effect best water spray give ever use boyfriend love,2,4,0,0,12,68,5.2,0.7333333333333334,0.5
299,5, refresh hydrate face body spray dermatologist cell bottle small size price hot day keep bottle fridge amaze refresh spray believe help keep skin hydrate adult acne distance,19,3,0,2,28,173,5.4,0.03333333333333333,0.5166666666666667
300,5, great great,0,0,0,0,3,12,5.0,0.8,0.75
301,5, great great,0,2,0,0,3,12,5.0,0.8,0.75
302,5, refresh every time spray face smile real feel good simple expensive pleasure,6,4,0,2,13,77,5.4,0.13999999999999999,0.41142857142857137
303,4, four star nice,0,0,0,0,4,15,4.0,0.6,1.0
304,5, magic first heard tumbler review eczema sufferer last year suffer severe eczema outbreak result mold exposure give drop dough etc cure dermatologist visit dedicate dream ointment ever though human possible saw tumbler post thought hell lose give rubbed vitamin e supplement cover cling wrap cure mess try fancy french mineral waterbefore sprayed cover dry red patch pitch like colony ant skin give vanity sprayed head toe itch go stubborn patch improve hour spray second day use one physician work comment dermatologist must gotten right meditation comb surprised told major money id spent term clinic nothing recoverybuy insanely amazingly magical,83,30,0,14,100,649,5.6,0.09043650793650793,0.42071428571428565
305,5, great always get regular usually shower clearing face give moisture apply tone dream,8,1,0,2,14,85,5.5,0.18333333333333335,0.358974358974359
306,5, love love love buying year help skin irritation help skin stay soft supple great airplane travel need refresh great beach,10,8,0,0,21,122,5.1,0.5333333333333333,0.6083333333333333
307,5, love much good skin feel good heal sensitive skin love much good skin feel good heal sensitive skin use year,20,7,0,3,21,109,4.4,0.5,0.675
308,5, sensitive skin good sensitive skin,1,0,0,0,6,35,6.0,0.3,0.7999999999999999
309,5, perfect refresh mist love perfect spray refresh day night bed give shower wash face purchase big size travel size purse travel lot irritation breakout,17,6,0,3,25,151,5.3,0.625,0.675
310,5, order water that get like water spray gentle moisturizer really help keep skin soft hydratedgood stuff want water spray patch face,27,11,0,4,22,131,5.2,0.16666666666666666,0.45
311,5, five star refresh spray make skin look dewey,1,1,0,0,9,45,4.6,0.0,0.0
312,5, good part routine morning night refresh good part routine,11,3,0,1,10,58,5.4,0.7,0.6000000000000001
313,5, love really know package get steal love make skin hydrate feel great problem receive package milan give resident life never reach unit somebody stole package milan should come put package door instead hand resident want angry association look camera see take package po box isn sent po box guess go buy dermatologist order get steal mail man idiot wont put residence door unhappy mail service cost buy dermatologist,85,7,0,10,69,416,5.1,0.014285714285714282,0.692857142857143
314,5, seem calm refresh skin feel amaze tone know seem ridiculous promise seem calm refresh skin feel amaze tone first wash face use avenue cleanse blue one spray let dry embryolisse last crime concentrate moisturizer perfect skin care routine work actually lot less expensive alternative try bet pleasantly surprisedone small thing bear mind large container didn fit medicine cabinet,51,18,0,8,59,379,5.5,0.1253968253968254,0.5107936507936509
315,5, good love,1,0,0,0,3,10,4.0,0.6,0.6000000000000001
316,5, five star thing help skin rash lupus,4,1,0,0,8,37,4.3,0.0,0.0
317,5, love,1,0,0,1,2,5,4.0,0.5,0.6
318,5, definitely help rash face go well avenue tolerable cream order even though water add mineral feel like help face manner take care rash face,18,5,0,2,25,140,4.8,0.0,0.5
319,5, of love clot thanks well spent forgot late return week ago,7,3,0,1,12,59,4.4,0.075,0.375
320,5, five star great order would recommend,4,2,0,1,7,38,5.3,0.8,0.75
321,5, soothe irritated skin love use many year soothe irritated skin provide moisture lock face oillotion,9,5,0,1,16,100,5.7,0.5,0.55
322,5, must mist isn everything hop certainly pack punch skin definitely clearer softer skin feel burn itchy bump spray cure know haven use skin isn clear take couple day kick even day you see difference best result definitely several time day usually four morningevening plus two time provide instant relief part take time work,39,21,0,6,54,322,5.1,0.1520408163265306,0.38163265306122446
323,5, five star,0,5,0,1,3,10,4.0,0.0,0.0
324,4, feel good moisturizes skin didn see improvement feel good moisturizes skin didn see improvement skin clarity bit expensive,12,5,0,1,19,123,5.8,0.3,0.6333333333333334
325,5, thermal water great,0,0,0,0,4,20,5.7,0.8,0.75
326,5, offer relief feel nice bought sister try eczema like although see result others offer relief feel nice,20,4,0,0,18,103,5.1,0.6,1.0
327,5, five star great,0,1,0,0,4,16,4.3,0.8,0.75
328,5, five star great,0,0,0,0,4,16,4.3,0.8,0.75
329,5, like avenue much like avenue much reason say bad word brand get two day ago use california totally perfect strange smell large capacity pump nice get recommend web want recommend,21,13,0,5,31,179,5.0,0.20918367346938777,0.5207482993197278
330,5, five star great add moisture really refresh,1,2,0,0,8,44,5.3,0.5,0.475
331,4, show picture face sprayed cool tap water lot hope bit overprice booklet brand show thermal imagine face three minute spray water however show picture face sprayed cool tap water would likely show similar result guess guilty pleasure give use long time listen face moisturizer treatment make give start use tone spray cotton round haven notice major difference two cheaper band give use past much useful plastic spray bottle water mist far finer,53,21,0,4,73,445,5.2,0.014772727272727269,0.5681818181818182
332,5, five star awesome,0,1,0,0,4,18,5.0,1.0,1.0
333,5, stuff left work sensitive combination stuff left work sensitive combination skin notice distinct difference use time skin noticeably less red pimple seem small few breakout use even wash face put moisturizer thing last long time,21,12,2,5,36,229,5.5,-0.015151515151515148,0.2848484848484849
334,5, great great,0,2,0,0,3,12,5.0,0.8,0.75
335,5, five star excellent,0,1,0,0,4,20,5.7,1.0,1.0
336,5, great work dry skin,1,4,0,0,5,20,4.0,0.3666666666666667,0.675
337,5, five star way well one la rise say doesn leave skin dry,6,2,0,0,13,56,3.7,-0.06666666666666665,0.6
338,5, five star good,0,0,0,0,4,15,4.0,0.7,0.6000000000000001
339,5, five star love refresh,0,1,0,0,5,23,4.7,0.5,0.6
340,1, noble stop work noble stop work week waste,5,0,0,0,9,43,4.4,0.3333333333333333,0.6
341,5, love love,0,0,0,0,3,10,4.0,0.5,0.6
342,5, truly magic water stuff introduce year ago via man get dermatologist help moisture break like call magic water truly sprayed broken face hour ago already skin soft baby booty redness diminish heal water joke scar worth every penny work well hive recommend daily regiment aid wrinkle time well treat body amaze treat mother nature actually order large bottle home small bottle pursetravel etc,54,15,0,5,64,392,5.2,0.10714285714285714,0.41984126984126985
343,5, cool summer kid get sunburnt try calm skin work well skin get sensitive tone,12,3,0,1,15,77,4.5,0.25,0.7666666666666666
344,4, four star ok,0,0,0,1,4,13,3.3,0.5,0.5
345,5, big bottle refresh like prefer rise water bottle pretty big star,4,3,1,2,12,65,4.9,0.08333333333333333,0.4000000000000001
346,5, good hydrate skin refresh spray good hydrate skin,5,5,0,0,9,50,5.2,0.7,0.6000000000000001
347,5, five star love buy,2,0,0,2,5,19,3.7,0.5,0.6
348,5, help acne spray really help south skin acne prone problem area genuinely soothe irritation,6,2,0,0,15,91,5.5,0.30000000000000004,0.35
349,1, there defect company exchange nozzlestopped spray thermal spray left company return exchange,9,7,0,1,13,93,6.7,0.0,0.0
350,1, hi morning when morning hard spray know,9,7,0,3,8,40,4.7,-0.2916666666666667,0.5416666666666666
351,5, like cleaning face adore make face fresh like cleaning face redness face usually happens productsfor sensitive face real gold,22,12,0,6,20,126,5.6,0.0875,0.4875
352,5, five star good thing attitude supporter merchant good,3,1,0,0,9,54,5.7,0.7,0.6000000000000001
353,5, five star good,0,0,0,0,4,15,4.0,0.7,0.6000000000000001
354,5, five star favorite mine,1,1,0,1,5,24,5.0,0.5,1.0
355,5, five star nice gentle spray cleaning,4,2,0,1,7,37,5.2,0.4,0.9
356,5, five star girlfriend like much,2,1,0,0,6,31,5.2,0.2,0.2
357,5, five star good,1,0,0,0,4,15,4.0,0.7,0.6000000000000001
358,1, one star nothing,1,1,0,0,4,17,4.7,0.0,0.0
359,5, five star love,1,1,0,0,4,15,4.0,0.5,0.6
360,1, spray head spray head work use month,3,1,1,0,8,37,4.3,0.0,0.0
361,5, husband big fan yes magical forget lotion shave leg,9,5,0,1,10,52,4.8,0.25,0.55
362,3, three star water spray nothing special,0,2,0,0,7,39,5.5,0.35714285714285715,0.5714285714285714
363,5, absolutely wonderful hot day org absolutely wonderful hot day,6,2,0,0,10,62,5.9,0.625,0.925
364,5, five star like,1,1,0,0,4,15,4.0,0.0,0.0
365,3, stop spray really good small size work well large one quit spray least fluid let ill buy small size hope work like first one use amaze irritated itchy skin skin super itchy red around nose dr say that go fix,27,7,0,1,41,208,4.2,0.01976190476190476,0.43285714285714294
366,5, great ship super fast favorite calm tool skin every time,4,2,0,0,11,57,4.7,0.42666666666666664,0.7533333333333333
367,5, refresh get small bottle tipsy bag love purchase large bottle give gift since id like get small size travel size against great take along trip,14,13,0,2,26,143,4.7,0.20285714285714285,0.5157142857142858
368,5, nice nice,0,0,0,0,3,10,4.0,0.6,1.0
369,2, water hop would work high rating didn really anything spring water that cool ingredient literally say water nitrogen anything think place effect feel good hot day really doesn much offer might well put uvarka water bottle spray bottle wouldn buy,29,17,0,4,41,246,5.1,0.2942857142857143,0.46285714285714297
370,5, best hand best spring water mist use even year there comparison even la rise say thermal face mist pale comparison mist keep skin damp shower apply sincere process absolutely help keep skin hydrate nice keep bottle bedside table mist night morning refresh hydrate cool,27,9,0,3,45,269,5.1,0.4914285714285715,0.5471428571428572
371,5, five star best spring water love face quick refresh,7,2,0,0,10,52,4.8,0.611111111111111,0.4666666666666666
372,5, look forward every love stuff see term rosacea god know else regular tone mess skin right fun spray feel cool give cool frost look minute glow soft calm skin hour afterward can see downside except run fast way maybe see,28,15,0,3,41,220,4.5,0.22107142857142864,0.4587637362637363
373,5, magical fairy juice may think clock well would wrong see get small bottle monthly tipsy bag laugh bottle water toss basket home office sat month one day work really hot decide spray water face rather walk lazy butt room wash face dear god refresh face felt dare say magical read bottle look online sort illegal ingredient make face feel way know really care anymore stuff amaze single day go travel bottle bottle purse large bottle sits vanity whenever face need pick right apply foundation your hot your sad eat gallon ice cream feel defeat spray face feel well instantly told friend believe spray buy tell youfairy juice worth every penny,119,51,0,19,111,641,4.8,0.04553571428571429,0.609077380952381
374,5, notice difference even tone small pore struggle breakout splotchy skin vitamin c serum essential oil good success reading give try wash face pm water cleanse spray add it c serum essential oil week notice skin seem even tone pore seem small pretty cool,26,3,0,7,44,253,4.9,0.1375,0.45625
375,5, five star nice,0,0,0,0,4,15,4.0,0.6,1.0
376,5, soothe love sensitive skin soothe inflammation apply moisturizer much well even spray,8,3,0,2,13,86,6.2,0.26666666666666666,0.5666666666666667
377,5, feel kind like spray doesn feel way expect refresh feel kind like spray water,6,2,0,1,15,78,4.6,0.6,0.9
378,5, sensitive skin sure sensitive skin sure help redness refresh wet make sponge apply foundation,15,9,0,3,15,94,5.7,0.21999999999999997,0.7955555555555555
379,4, good though transparent smell habit good though,2,8,0,0,8,48,5.9,0.7,0.6000000000000001
380,5, wonderful bug bite sunburnt minor scrap stuff make feel well plus little mist face morning keep feel look bright day,11,5,0,0,21,117,4.8,0.365625,0.625
381,3, dry breakout skin dry sensitive oily acne prone skin found dry skin lot expect help breakout recently dry heal quicker winter skin feel super dry continue see work long term keep acne bay use avenue lotion pm still moisturize skin,55,10,0,11,41,231,4.8,0.006250000000000007,0.6208333333333333
382,5, good leaf soft feel,2,0,0,0,5,20,4.0,0.39999999999999997,0.47500000000000003
383,5, buy clear face calm skin really sensitive skin didn irritate,10,3,0,1,11,61,5.1,0.1666666666666667,0.6777777777777777
384,1, one star cap completely shatter inside plastic wrap,2,0,0,0,9,52,5.5,0.1,0.4
385,1, one star dry skin,3,1,0,0,5,18,3.5,-0.06666666666666665,0.6
386,5, five star good usual big let feel comfortable,4,1,0,0,9,46,4.7,0.2125,0.4375
387,5, love bought bc saw spence love bought bc saw spence platt rave definitely agree stuff awesome leaf your akin feel refresh healthy without harsh chemical,13,8,0,5,26,153,5.1,0.3833333333333333,0.65
388,5, five star moisture gentle,1,1,0,0,5,26,5.5,0.2,0.8
389,5, great price love keep skin moist apply face get deeper rub great price recently move florida skin stayed moist humidity southern ca dry keep skin moist keep wrinkle look important part anti rag regiment,26,10,1,5,35,203,5.0,0.3476190476190476,0.5642857142857143
390,3, decent spray eczema order vital user review credit review say almost instantly relieve eczema bought daughter along xeracalm ad crime use together well unfortunately effect eczema little rash face she longer use it use crime lichen plan skin condition similar eczema saw change use moisturizer facial spray work fine feel great use wouldn necessarily purchase give price can say make difference skin lot different feel refresh use,66,26,0,6,68,431,5.4,0.07234848484848486,0.5893939393939394
391,5, five star great,0,3,0,0,4,16,4.3,0.8,0.75
392,2, honestly water mist form honestly water mist form can say feel skin less dry use routine couple week,15,7,0,1,19,101,4.6,0.24166666666666664,0.6166666666666667
393,5, five star like item result well expect keep buy item,5,3,0,3,11,53,4.3,0.0,0.0
394,5, five star love sensitive skin wonder,9,3,0,2,7,37,5.2,0.3,0.75
395,5, five star really soothe,0,0,0,0,5,24,5.0,0.2,0.2
396,5, love quality love quality price size really cool spray face body well nice even sensitive skin keep skin soft hydrate morning night would recommend everyone purchase future,23,8,0,1,28,173,5.4,0.3071428571428572,0.6035714285714285
397,1, horrible lean package bad puncture open lean everywhere couldn even unhappy,7,8,0,1,12,76,5.9,-0.575,0.7666666666666666
398,5, great ship fast love ship fast,1,2,0,0,7,31,4.2,0.425,0.6375000000000001
399,5, five star good,0,0,0,0,4,15,4.0,0.7,0.6000000000000001
400,1, june piece cap disappointed since can return go give one star use one day spray valve stop work result can not june piece cap disappointed,14,9,0,4,26,139,4.6,-0.75,0.75
401,5, feel soooooo good honestly id give star possible scalp psoriasis help oil cream give ever use include prescription section hair spray onto scalp honestly like automatic relief itch burning doesn make go away anything boy feel wonderful,25,10,0,2,38,236,5.4,0.58,0.8800000000000001
402,5, soothe seborrheic dermatitis keep fresh suffer seborrheic dermatitis plague scalp forehead eyebrow beard know general face area bad enough look like wizard person time flake face know physically irritate think burning itchy sensation akin mild sunburnt spring water keep feel check along urge scratch rub face every day several time day love simplicity fact plaster good face leaf oily icy plain old water thermal spring tell tap water tap water achieve result something soothe water due mineral composition magic go heal something cure sure hell make face feel fresh stretch cardboard like,94,28,0,6,93,591,5.4,0.1340029761904762,0.4644097222222222
403,5, five star love refresh arrives time,1,11,0,0,7,36,5.0,0.5,0.6
404,5, five star perfect,0,1,0,0,4,18,5.0,1.0,1.0
405,5, five star work good,0,1,0,0,5,20,4.0,0.7,0.6000000000000001
406,5, friend recommend accurate treatment friend recommend accurate treatment wonderful call magical mist,19,5,0,2,13,100,7.3,0.5750000000000001,0.8166666666666667
407,5, five star good dry skin,2,0,0,0,6,24,3.8,0.31666666666666665,0.6000000000000001
408,5, good use four year really fan though price u bit high compare he,11,5,0,3,14,65,4.0,0.3533333333333333,0.4466666666666666
409,5, wont lie spray wont lie spray face know water magical water price,19,8,0,0,13,66,4.5,0.5,1.0
410,5, five star good dear,0,0,0,3,5,20,4.0,0.7,0.6000000000000001
411,4, good bad skin teenager mon get haven see anywhere online great around season,12,5,0,3,14,77,4.9,0.2666666666666667,0.6722222222222222
412,5, five star good little expensive,0,2,0,1,6,32,5.4,0.004166666666666652,0.6
413,5, five star like,1,0,0,0,4,15,4.0,0.0,0.0
414,5, fresh french rep skin wash dissolve hard water rinse soften skin mass take fresh throughout day notice difference clarity softness skin since add regime thanks french girl skin care article,23,5,0,3,31,190,5.3,0.08472222222222221,0.29027777777777775
415,5, great great stuff good moisturize press skin sincere nice gentle,3,3,0,0,11,65,5.5,0.6,0.7333333333333334
416,5, good always good always use long time helpful sensitive skin especially expose sunshine long time,14,4,0,1,16,98,5.5,0.2333333333333333,0.65
417,1, disappointingwaste waste time money find beneficial way disappoint,10,7,0,2,9,67,7.4,-0.2,0.0
418,5, five star clean n fresh,0,1,0,0,6,24,3.8,0.33333333333333337,0.6000000000000001
419,5, great sensitive skin hot summer day minor case rosacea dermatologist recommend appease skin twenty year ago still day doesn claim fix problem yet calm soothe skin almost instantly hot day cool dry skin tend dry skin little bit apply follow tiny bit moisturizer dry back normal,53,10,0,6,47,277,5.0,0.12589285714285714,0.6
420,5, five star good,0,0,0,0,4,15,4.0,0.7,0.6000000000000001
421,4, four star excellent open lid white stuff fall,7,1,0,1,9,46,4.7,0.3333333333333333,0.5
422,5, five star water pressure bottle already know,7,1,0,0,8,45,5.4,0.0,0.0
423,5, five star great,0,1,0,0,4,16,4.3,0.8,0.75
424,5, five star great order again,1,1,0,0,6,28,4.6,0.8,0.75
425,4, four star good,0,0,0,0,4,15,4.0,0.7,0.6000000000000001
426,5, refresh gentle skin know thermal water sure really anything love use avenue french favorite throughout day feel refresh give skin slight glow definitely need get travel size keep purse throughout work day,29,7,0,3,33,205,5.4,0.21666666666666665,0.5194444444444444
427,3, three star really like sadly come without lid,3,2,0,1,9,46,4.7,-0.15,0.6
428,5, east refresh light cleanse wonderful repeat buyer encourages hygienic quick easy daytime,2,3,0,0,13,89,6.4,0.5416666666666666,0.7583333333333334
429,5, love first time use love first time use tell skin get fresh every spray take,9,5,0,2,16,77,4.1,0.36,0.4733333333333333
430,2, think quality bottle good suggest people reading review pumpcap part work can spray normally still lot water reading review think alone think quality bottle good suggest people reading review within short period time switch another brand,35,12,0,4,37,238,5.6,0.38749999999999996,0.5375
431,5, five star good disperse,0,0,0,0,5,24,5.0,0.7,0.6000000000000001
432,5, five star beautiful fast shipping p,3,0,0,0,7,36,5.0,0.525,0.8
433,5, amaze amaze everybody use,4,1,0,0,5,26,5.5,0.0,0.0
434,4, four star,2,0,0,0,3,10,4.0,0.0,0.0
435,5, summer must lake summer must lake home front fan woman certain age night sweat instant refresh relief heat sweat sunburnt,24,8,0,0,21,122,5.1,0.10714285714285714,0.6190476190476191
436,5, five star summertime must,0,1,0,1,5,26,5.5,0.0,0.0
437,5, super seal moisturizer super seal moisturizer love,6,4,0,2,8,51,6.3,0.38888888888888884,0.6444444444444444
438,5, five star love stuff,0,1,0,3,5,21,4.2,0.5,0.6
439,5, really really good make dry face nice moist really really good make dry face nice moist even though sensitive dry skin love,8,7,0,1,23,124,4.6,0.3333333333333333,0.7222222222222222
440,5, five star best skin really fresh,3,2,0,0,7,33,4.5,0.65,0.4
